id,nombre,apellido,calle,numero calle,sueldo
2,Feodora,Fulep,Corry,93629,42866.24
3,Janis,Saltsberg,Independence,231,27856.86
4,Michail,Feighry,Butternut,1728,15915.90
5,Thekla,Smout,4th,0,11319.79
6,Gussi,Figgess,Lakewood Gardens,77,22684.09
7,Ettie,Cullnean,Mariners Cove,65159,35302.01
8,Dylan,Yves,Oakridge,738,10939.38
9,Ricoriki,Gibbeson,Namekagon,584,16302.75
10,Morlee,Kibby,Sundown,93028,38791.44
11,Morgana,Blackney,Menomonie,67773,24795.94
12,Bart,Hanning,Carpenter,6,13937.34
13,Christin,Wolfers,Scott,9110,48564.72
14,Buddy,Scoles,Northfield,3,16600.61
15,Petr,MacInherney,Sycamore,49,15206.26
16,Linnell,Laweles,Sloan,5,44944.42
17,Sherill,Edmonds,Declaration,856,18507.32
18,Bradly,Colbran,Bay,45,25205.27
19,Peria,Duer,Northport,94,12218.84
20,Lauree,Addekin,Eagan,395,14475.30
21,Myrtle,Seyfart,Warrior,24402,30792.71
22,Jemima,Nimmo,Macpherson,27,33346.74
23,Gris,Dumpleton,Ludington,10,16343.25
24,Coral,Rany,Sullivan,50780,33175.50
25,Gayleen,McGettigan,Lake View,92,40787.38
26,Florri,Birds,Schlimgen,15,44913.89
27,Marion,Crome,Schlimgen,9,35449.40
28,Baryram,Cridlin,Briar Crest,361,43696.77
29,Jacinta,Mongan,Talmadge,91494,25757.13
30,Guss,Barrowcliff,Jenna,82513,47077.39
31,Ulric,Burgin,Ohio,6,22778.57
32,Lorena,Bauldry,Menomonie,910,11005.93
33,Alfonso,Sowter,David,30,38401.79
34,Breanne,Harvatt,Holmberg,710,25818.09
35,Francois,Maving,Crescent Oaks,7345,48557.86
36,Antonetta,Slatter,Welch,82,12921.80
37,Jinny,Phipson,Lukken,40,16698.65
38,Latrena,Brands,Fallview,2098,16423.18
39,Calli,Allicock,Bashford,1719,42217.16
40,Melvyn,Eatock,Tennyson,8437,26655.93
41,Erinn,Littlemore,Harper,83762,45276.57
42,Ardath,Earthfield,Cascade,9,17223.55
43,Bernie,Kemp,Prentice,4,34836.76
44,Rosabelle,Chilles,Dakota,553,23134.78
45,Artur,Billington,Northfield,7,46419.09
46,Faulkner,Goodison,Dwight,9609,29028.24
47,Sammy,Artis,Bay,5,11107.97
48,Kelly,Battin,Melvin,56423,25335.62
49,Lock,Afield,Kenwood,79650,30331.90
50,Wyatan,St. Aubyn,Grim,4,44199.86
51,Greer,Coorington,Troy,13,15390.34
52,Janeen,Sterry,Luster,5,48094.29
53,Vasili,Popplewell,Talisman,4,35495.93
54,Brana,Porson,Waywood,3760,31871.42
55,Melinda,Ragborne,Lake View,90135,25299.06
56,Hildy,Larkin,Jackson,146,44053.12
57,Chalmers,Wigan,Kropf,7,42305.03
58,Pernell,Puleston,Jackson,423,43147.17
59,Terri,Elintune,Hoard,2465,34539.00
60,Gannie,Meikle,Utah,6,33518.24
61,Hilde,Hilling,Green,257,34042.74
62,Daisy,Mulderrig,Memorial,471,37443.09
63,Margie,Sparks,Grasskamp,56,31686.46
64,Lisha,Sutherden,Morning,53030,20601.65
65,Jodie,Boick,Miller,335,48710.71
66,Sybil,McGairl,Novick,98134,36457.53
67,Dory,Pender,Toban,8,18296.90
68,Ardath,Passmore,Canary,5,20910.46
69,Yank,Lauxmann,Fallview,30215,19119.39
70,David,McGrotty,Russell,1922,37032.85
71,Camile,Scotchmoor,Del Sol,1831,32315.68
72,Lucine,Gamage,Holy Cross,86,30376.74
73,Carmine,Drinan,Hanson,8,18083.82
74,Benedikt,Thumnel,Colorado,35,32365.08
75,Gerardo,Featley,Katie,20,47945.87
76,Annie,Le Gassick,Stoughton,61072,37284.56
77,Jemimah,Dartan,Straubel,959,21743.05
78,Maribelle,Huggons,Kings,5,15798.85
79,Blanch,Mardlin,Schmedeman,3,27914.78
80,Ragnar,Petricek,Paget,33334,12974.08
81,Corbet,McMurty,Everett,395,21548.43
82,Madelene,Gaine,Mallard,58033,33550.15
83,Nari,Starsmore,Lakewood Gardens,792,26464.90
84,Joellyn,Gifkins,Crownhardt,85801,43988.77
85,Melli,Bartzen,Nobel,65,27201.35
86,Jessi,Hankey,Pankratz,2979,39175.01
87,Ewan,Dransfield,Duke,9577,17870.83
88,Jordana,Packer,Anzinger,84587,40445.10
89,Demott,Finlay,Homewood,12,41207.65
90,Betsey,Reimer,Birchwood,24848,27842.53
91,Oralie,Buglar,Declaration,27,46514.95
92,Sheffy,Askew,Village,116,18612.63
93,Hyman,Malek,Butterfield,9,36118.90
94,Abigale,Laxton,Grover,848,43534.83
95,Ashlan,Riseam,Carpenter,23,11384.40
96,Eddie,Quartly,Eagan,575,32147.64
97,Yanaton,Lawie,Fairview,57,30419.43
98,Florinda,Wilman,Sloan,7,36406.35
99,Wayland,Argue,Namekagon,443,10277.87
100,Belinda,Winley,Meadow Vale,50,37015.81
101,Paule,Rickford,Sage,91,48855.21
102,Nadine,Clemenzo,Sullivan,6837,21064.92
103,Traci,Clace,Loftsgordon,4,40141.61
104,Emmerich,Perott,Mifflin,535,12056.87
105,Octavius,Brammar,Butternut,39,23534.39
106,Caron,Tuther,Twin Pines,5,36244.79
107,Kathye,Deroche,School,6,16046.01
108,Zandra,Goscar,North,84,26814.02
109,Maximo,Ansteys,Kinsman,52,32883.97
110,Quintin,Darbey,Mayfield,1093,45968.91
111,Deloria,Lutz,Mayfield,35248,46611.51
112,Emmye,Caldaro,Lunder,89,10528.74
113,Abigael,Knocker,Browning,6808,28207.29
114,Craig,Ellingworth,Harper,8734,34282.07
115,Conroy,Ramelot,Buhler,5697,26052.81
116,Padriac,Boulstridge,Hoffman,8,30963.09
117,Thane,Jerok,Manley,26458,45053.55
118,Kellby,Laudham,Stang,3978,13878.16
119,Ebonee,Knight,Annamark,41,42798.91
120,Orville,Gadault,Marcy,938,28913.95
121,Faulkner,Gimenez,Sundown,7138,27934.39
122,Concettina,Colam,Sutherland,634,17907.70
123,Ralina,Weigh,Columbus,261,34717.12
124,Isa,Gores,Dakota,44,46854.66
125,Laurena,Blissett,Old Shore,2747,48755.04
126,Wolfie,Le Gassick,Emmet,796,19641.18
127,Lida,Buzek,Miller,91487,37205.12
128,Selby,Harsnep,8th,157,24344.56
129,Ronnie,Lutsch,Macpherson,58,33870.70
130,Berthe,Dibb,Sullivan,452,28960.20
131,Wilburt,Krolle,Tony,451,10097.22
132,Flossi,MacShirie,Dapin,66286,39369.24
133,Bailie,MacRury,Morning,0,18860.30
134,Austin,Greengrass,Golf,18,29929.94
135,Nada,Charge,Melby,8,42809.16
136,Towny,Saurat,Lillian,963,40844.02
137,Agustin,Maile,Mockingbird,5,35702.23
138,Imelda,Ambrus,Beilfuss,329,40057.95
139,Cathie,Pentland,Crest Line,2327,34032.64
140,Celinka,Brotherton,Michigan,2876,15766.08
141,Anson,Hamsson,Redwing,9,45520.92
142,Timotheus,Hubert,Marquette,24,36081.64
143,Merna,Joney,Coolidge,79896,30994.98
144,Greg,Gillions,Grayhawk,73564,28868.18
145,Seth,O'Keefe,Buell,1,43163.02
146,Jobyna,Ottee,Sachs,271,35414.10
147,Nathan,Pashba,Toban,40,46747.15
148,Natasha,Wrenn,International,37,46353.02
149,Willy,Reyson,Pepper Wood,38,42682.73
150,Silvio,Philipsen,Bluestem,44,22446.24
151,Wilden,Wandrach,Quincy,335,20067.61
152,Yulma,Burberye,Moulton,3469,22441.79
153,Maisie,Hamly,Glacier Hill,20,44787.81
154,Antonin,Jeyness,Mendota,0,36259.24
155,Eben,Girth,Maryland,7832,42739.53
156,Vanni,Schirak,Manitowish,178,10667.22
157,Corine,Skerm,Swallow,6880,38746.25
158,Carrissa,Baskerville,Elgar,67178,47129.06
159,Dianemarie,Ricoald,Florence,913,15543.56
160,Crista,Haggish,Grayhawk,96965,14512.75
161,Giustino,Carl,Northfield,377,32154.30
162,Holly-anne,Attride,Hanson,44717,18568.86
163,Teddy,Leaves,Sundown,64412,29903.10
164,Joe,Roiz,Montana,78,27423.62
165,Steffane,O'Donohue,Oneill,5,24679.69
166,Peggi,Ekell,Shopko,5659,31869.41
167,Nanci,Spellward,Sherman,4,17686.71
168,Spence,Irving,Ridgeview,91792,25252.89
169,Kalle,Elderkin,Surrey,8,15296.14
170,Yettie,Flag,Harper,51,12372.39
171,Oralee,Emmins,Wayridge,3393,15712.64
172,Tonya,Gerrie,Lunder,669,40563.22
173,Jasmina,Dowson,Summer Ridge,85291,20999.18
174,Mick,McCourtie,Sycamore,4,45003.64
175,Cassius,Cosely,Union,45633,38602.31
176,Joelynn,de la Tremoille,Merrick,952,16628.12
177,Jakob,Larenson,Rieder,529,40456.46
178,Venita,Kolakowski,Scott,8,33473.46
179,Christy,Barge,Calypso,855,27654.23
180,Fons,Neeson,Kipling,3146,14578.55
181,Ervin,Goulter,Scott,5,42775.57
182,Kippar,Stilly,Lakewood,93,33409.48
183,Gus,Feldmus,Arrowood,1117,38291.22
184,Hinze,Mingauld,Farmco,78,40074.50
185,Christan,Wardale,Westerfield,4141,13861.16
186,Sam,Durbridge,Tennessee,920,24242.90
187,Allyson,Dayes,Del Mar,9,14524.93
188,Allison,Wofenden,Hauk,891,23870.93
189,Fernando,Starkie,Tennyson,1,17869.86
190,Charley,Cuddehy,Helena,37454,42299.61
191,Nikolaos,Deesly,Mitchell,17202,30346.46
192,Rozamond,Cramond,Westport,189,32726.15
193,Beryle,Trenbey,Lindbergh,5,44466.15
194,Mauricio,Hardi,Golf Course,99,38513.98
195,Gwendolen,Behr,Sauthoff,89,13352.95
196,Tucker,Wickliffe,Tennessee,94,28166.92
197,Bram,Acklands,Pond,6,24637.68
198,Urbain,Housegoe,Scofield,839,46639.94
199,Audrie,Clowley,Lindbergh,836,19875.25
200,Darbie,Elliman,Dakota,9210,34859.22
201,Renell,Romeo,Fulton,70104,46380.89
202,Gilberta,O'Scanlon,Golf Course,617,16562.91
203,Christiana,Westman,Reinke,94283,43517.94
204,Art,Mac Giolla Pheadair,Troy,556,41682.82
205,Farley,Grahame,Cottonwood,2847,37447.16
206,Dorry,Haggata,Butternut,4,30719.02
207,Lorene,Hann,Moulton,2,12471.29
208,Rayna,Errett,Northwestern,1,19464.85
209,Allys,Toulamain,Elmside,669,12922.46
210,Reube,Puleque,Fisk,2,12389.27
211,Roma,Eady,Hoard,9164,40629.55
212,Verna,Skep,Eggendart,22592,41583.84
213,Ade,Philips,Texas,8913,38503.93
214,Sybilla,Stagge,Warbler,260,12334.45
215,Aurilia,O'Moylan,Grim,4,46780.47
216,Frederich,Hamel,Warbler,11749,45627.80
217,Derick,Thyer,Bowman,7503,31453.53
218,Rog,Ogles,Cody,68365,18335.10
219,Jody,Beirne,Thierer,147,49582.44
220,Pierce,Seiller,Sachs,7856,25820.57
221,Dredi,Durker,Trailsway,50,25398.63
222,Perry,Derobert,Merchant,95785,47841.23
223,Ardene,Cardenas,Sunbrook,396,31627.89
224,Emilee,Mangon,Cambridge,95304,40703.26
225,Nickie,McInteer,Erie,2681,45622.42
226,Jeri,Hodges,1st,280,38594.09
227,Cristionna,Benley,Bowman,656,12946.03
228,Gary,Fawckner,Burrows,51164,32175.70
229,Avigdor,Stourton,Paget,92272,24030.54
230,Ingrim,Erik,Everett,1,25804.12
231,Aundrea,Faulder,Shopko,16071,41886.83
232,Ham,Alleway,New Castle,11702,40129.85
233,Jermain,Rooze,Killdeer,411,47281.81
234,Zara,Pleass,Veith,3,40240.85
235,Octavia,Cantos,Bay,39,10610.33
236,Nobie,Goodered,Northridge,42,47747.48
237,Debera,Rintoul,Maywood,418,19280.87
238,Dorothea,Camell,Killdeer,59,48533.21
239,Kaila,Brocket,Merrick,936,42326.58
240,Thomas,Doyley,Anthes,12,20685.98
241,Vidovic,Tangye,Moose,81940,48220.50
242,Janette,Teodoro,Springview,87,45315.40
243,Alene,Beardall,Pankratz,8221,44767.51
244,Waring,Greves,Scofield,2425,33139.17
245,Hendrik,Bows,Lillian,2,31562.51
246,Hervey,Gobert,Dennis,542,33216.65
247,Eldon,O'Crevan,Tennessee,50169,37394.35
248,Helene,Carnachen,Stoughton,72,39032.69
249,Vaclav,Bullus,Alpine,98,21642.43
250,Lucian,Dunkinson,Hermina,53,22846.59
251,Hershel,Tipling,Helena,50,48864.09
252,Ronny,McVeigh,Hoepker,1,26822.21
253,Ignaz,Ace,Esch,23642,43564.87
254,Kinsley,Korfmann,Emmet,143,20298.96
255,Mab,Rysdale,Manley,3,31729.09
256,Nadean,Di Biasio,Nobel,7583,15880.41
257,Inness,Hallex,Upham,991,44259.69
258,Dru,Foker,Summerview,617,10629.96
259,Dynah,Jozefiak,Ludington,9098,45437.22
260,Kim,Vel,Delaware,9,30163.53
261,Cyndi,Foulks,Warrior,2,46517.50
262,Sophia,Northall,Grayhawk,8,44982.49
263,Brinna,Bridges,Prairieview,91,45456.92
264,Meaghan,Grogono,Gateway,37033,32752.51
265,Etty,Alesi,Mitchell,10,35075.18
266,Vina,Jecock,Forest,4521,10208.41
267,Lea,Spellacey,Buhler,321,48784.52
268,Reinwald,Ledwith,Birchwood,4,30355.62
269,Smitty,Van Cassel,Talisman,86685,20653.67
270,Ynez,Konzel,Becker,606,41781.99
271,Delphine,Patey,Caliangt,80721,36026.49
272,Teodora,Vanyukov,Onsgard,88,32352.83
273,Veronique,Malkinson,Dryden,62058,16348.94
274,Berne,Aberkirdo,Center,7,43568.70
275,Heidi,Tofts,Hoepker,798,19997.76
276,Katey,Beards,Hintze,25,17614.52
277,Hoyt,Kordova,Old Shore,431,49175.14
278,Forrester,Duddy,Pennsylvania,20119,44764.67
279,Parsifal,Glisane,Crescent Oaks,7136,47016.13
280,Wilt,Brent,Fulton,9753,29185.54
281,Elisabetta,Steggals,Morningstar,78565,31414.58
282,Stacie,Okenden,Sheridan,61978,48233.57
283,Cyril,Celez,Fallview,112,14620.45
284,Felicle,Kohter,Bobwhite,915,34558.57
285,Jeff,Laidlow,Parkside,45,44060.48
286,Kory,Malpas,Steensland,4858,31745.39
287,Hilliary,Readings,Main,8,11157.96
288,Arlie,Fargher,Sutteridge,72056,28789.15
289,El,Sabbins,Linden,859,13919.41
290,Ermina,Lynch,Armistice,8956,20559.74
291,Eldredge,Worcs,Wayridge,8933,24233.31
292,Siward,Leuty,Becker,89,28128.40
293,Gunar,Proctor,Graceland,8,42283.95
294,Beatrice,Gaze,Blue Bill Park,57883,10312.24
295,Lexis,Edden,Prentice,126,32430.18
296,Arabel,Fere,Ludington,8,20982.35
297,Gillan,Gauden,Redwing,40368,18153.95
298,Garrard,Caraher,Golf,194,12255.27
299,Bradley,Dury,Judy,6,38603.54
300,Emmalynn,Jakoub,Summit,7,20504.38
301,Jasun,Abatelli,Cordelia,6267,40147.84
302,Ursulina,Ferrar,Packers,84,33002.83
303,Isaiah,Tomankiewicz,Prairie Rose,5404,34656.15
304,Isacco,Gotmann,Leroy,7996,36865.66
305,Myrtia,Suarez,Del Mar,0,23709.77
306,Nathanael,Nolan,Bowman,93920,25248.68
307,Michaela,Hilldrup,Scoville,8,25150.99
308,Aluin,Spear,Hollow Ridge,97515,22892.96
309,Lindie,Spadari,Vera,0,41605.16
310,Gertrude,Ellesworth,Scoville,65,25723.69
311,Michaella,Joutapaitis,Morning,45313,25691.24
312,Ferdinanda,Kezar,Ilene,735,45806.87
313,Shae,Ramelet,Acker,7,27213.02
314,Rubetta,Rowbottom,Kennedy,84,24689.94
315,Violet,Bydaway,International,1416,28086.11
316,Colver,Gascoigne,Mallory,72,43170.73
317,Honey,Berney,Mitchell,7,39651.41
318,Maudie,Truran,Portage,95,20902.95
319,Shaw,Crookes,Pennsylvania,36674,22609.38
320,Thurston,Allsworth,Northport,11519,28302.16
321,Adara,Matherson,Bluestem,7,46059.05
322,Gaston,Geffen,Kingsford,40,25209.50
323,Mano,Skehan,Maryland,68,47552.58
324,Hurlee,Cecere,Corry,97207,22783.40
325,Eldin,Vereker,Division,4844,49728.87
326,Robbert,McFeat,Reindahl,510,30578.72
327,Jerry,Runnett,Manley,595,39219.09
328,Edward,Inchboard,Alpine,203,39590.56
329,Nerissa,Sikorsky,Drewry,60852,45093.81
330,Carin,Ollerenshaw,Kennedy,72436,22033.98
331,Skipp,Feenan,Blue Bill Park,54,48214.78
332,Ulrika,Bossel,Kensington,5,24341.75
333,Krispin,Hewell,Utah,1311,37701.80
334,Neale,Armitt,Doe Crossing,893,33331.47
335,Rorke,Weatherdon,Village Green,904,42724.05
336,Priscella,Logesdale,Pepper Wood,69971,27421.00
337,Saunders,Leidl,Oneill,12,15312.65
338,Jennette,Dodridge,Corscot,37069,49447.00
339,Tibold,Dunbobbin,Di Loreto,35429,10495.96
340,Silvan,Befroy,International,31,35558.96
341,Horatia,Friett,Acker,21752,12054.73
342,Barty,Stolte,Union,19,45493.60
343,Peggy,Keyden,6th,11688,36183.03
344,Eleonore,Brampton,Myrtle,62842,19407.74
345,Archibald,Langthorn,Iowa,3,19452.34
346,Marnia,Cuffin,Manitowish,237,15474.34
347,Raul,Duddell,Erie,6,42779.50
348,Tory,Kidner,North,75025,32259.03
349,Jacquelin,Flux,Utah,5397,18209.75
350,Alic,Gaskall,Loeprich,373,32692.86
351,Zachariah,Joynson,Leroy,77,19231.17
352,Wilmer,Golden of Ireland,Kensington,423,34152.13
353,Eugen,Salway,Cardinal,7,22467.53
354,Catie,Stabler,Rowland,62826,15057.49
355,Clem,Kulicke,Linden,39,10047.63
356,Malinda,Worthing,Goodland,456,45857.55
357,Zondra,McKag,Killdeer,9,31720.41
358,Keeley,Petrillo,Ilene,53,24737.31
359,Gonzales,Cleatherow,Dottie,769,16785.45
360,Hilde,Hamilton,Lukken,374,22227.81
361,Luz,Heigho,Derek,94,35521.99
362,Sarette,Meriel,Crowley,9801,30466.38
363,Valentina,Guymer,Bultman,5,12236.08
364,Hillyer,Orrow,Victoria,751,18023.82
365,Burton,Hew,Barnett,32,11855.40
366,Joellen,Bagger,Washington,4,49230.79
367,Gal,Crowdace,Saint Paul,91,21211.32
368,Ky,Natalie,Birchwood,2688,42648.01
369,Farra,Lapenna,Eastwood,1,39002.96
370,Keen,Deave,Dryden,708,38706.06
371,Celle,Goskar,Bultman,651,31311.74
372,Meredith,Dobrovolski,Fair Oaks,667,28978.65
373,Cherilynn,Thomazin,Fairfield,5427,44999.89
374,Luelle,Pellman,Dahle,34,29190.21
375,Larry,Schule,Arapahoe,95,49597.21
376,Harry,Hardinge,Steensland,5772,19573.55
377,Nariko,Sumpter,Randy,87315,43271.22
378,Allard,Dowall,Marcy,3,34851.89
379,Moina,Weben,Browning,360,23222.89
380,Colas,Tatterton,Golf Course,6,27132.10
381,Edsel,Lorne,Crowley,217,35937.72
382,Magdalen,Hustings,Sullivan,46176,24222.32
383,Bartholemy,Dibdall,Dayton,52538,25447.16
384,Conan,Mc Trusty,Pennsylvania,99,40543.51
385,Ronald,Roffe,Grover,2,28205.99
386,Torin,Garcia,Darwin,5153,17135.57
387,Rupert,Whittington,Rowland,269,17577.97
388,Billi,Burnip,Logan,570,49640.22
389,Barclay,Bartley,Petterle,10544,44141.77
390,Rickie,Williscroft,Packers,1743,38376.00
391,Blondy,Ottam,Village,7487,49584.01
392,Pet,Persey,Coolidge,36797,46750.57
393,Ozzy,Keasey,Everett,1,39403.37
394,Jaine,Pollicote,Evergreen,7,49733.95
395,Shurwood,Brame,Canary,82,44117.10
396,Pennie,Kadd,Toban,2,38505.33
397,Ilise,Winkett,Clemons,941,39635.76
398,Jasun,Fountaine,Lerdahl,658,15856.54
399,Aurlie,Whapham,Nelson,46077,45385.70
400,Josephina,Juarez,Petterle,7679,43031.51
401,Tedda,Ende,Graedel,68110,43802.50
402,Trey,Krollman,Little Fleur,0,27463.66
403,Matthaeus,Andersen,Ramsey,7618,47420.76
404,Ealasaid,Colbran,East,96,10201.60
405,Terrence,Agney,Westend,5670,33356.38
406,Trevar,Belward,Trailsway,3,20877.87
407,Irma,Tomalin,Cody,26,17829.77
408,Thia,Wilber,Bartillon,19808,49952.18
409,Axe,Bromilow,Mccormick,4583,37310.92
410,Gizela,McDavid,Waxwing,646,42508.18
411,Starr,Dore,Manley,768,39321.15
412,Saxon,Pounsett,Russell,6775,25517.15
413,Britni,Bradman,Aberg,4,26293.06
414,Jdavie,Kimbrough,Fairfield,13844,36184.83
415,Maurizia,Conybear,Butternut,2061,38022.61
416,Michale,Tolliday,American,705,28966.91
417,Becky,Ivimey,Redwing,899,10906.05
418,Norris,Glynn,Eliot,10824,42169.46
419,Mac,La Padula,Lunder,2,20232.14
420,Tansy,Abrahart,Lerdahl,709,37548.14
421,Loren,Caesman,Dixon,34359,10867.01
422,Giorgia,Soares,Montana,2822,23680.77
423,Kiel,Parrington,Sachs,1,19093.61
424,Eden,Mowle,Dunning,20792,45375.96
425,Garret,Binion,Fuller,51,35863.31
426,Sandro,McHaffy,Monument,13890,12257.62
427,Cherey,Sket,Clarendon,20,26597.48
428,Ephraim,Freund,Veith,2,27882.31
429,Tisha,Feaver,Pine View,25,44255.16
430,Brittni,Fletcher,Lillian,16117,27907.92
431,Jasen,Amiss,Judy,2,37956.65
432,Benita,DelaField,Holmberg,90089,25979.25
433,Rosalind,Pellamonuten,Anderson,75,43267.09
434,Isis,Corns,Debs,6,23561.32
435,Raine,Roff,Granby,83005,27012.01
436,Dore,Cresar,Eliot,4,38143.85
437,Denys,Gaskarth,Gale,87,42777.29
438,Dudley,Connaughton,Delladonna,773,44996.23
439,Benedick,Bousler,Anthes,4,38043.59
440,Hilliard,Joubert,Veith,2774,12888.74
441,Dorian,Kubin,Weeping Birch,6,20483.24
442,Alexis,Antill,Graceland,969,10632.03
443,Bab,Paolone,Buhler,513,48954.89
444,Max,Kann,Elmside,8153,33386.24
445,Alfie,Craigg,Amoth,70946,41267.54
446,Maggi,Dorant,Mallory,26,15125.61
447,Grete,Castellaccio,Northfield,411,24847.29
448,Zulema,Hairs,South,88090,26001.93
449,Farly,Hyne,Sunbrook,2451,16270.22
450,Thedric,Casterton,Tony,7918,24094.60
451,Imojean,Evreux,Mockingbird,3,11885.00
452,Vaughn,Godfray,Cottonwood,537,46996.35
453,Willard,MacIllrick,Bonner,7269,29066.49
454,Giusto,Vasovic,Cascade,132,34422.96
455,Roman,Colbran,Longview,2,28025.19
456,Tami,Wrassell,4th,85989,10395.16
457,Sayer,Simonitto,Utah,818,11108.23
458,Jean,Tincey,Buhler,886,25776.70
459,Justine,Hofler,Dennis,8,15625.91
460,Fremont,Drummond,Claremont,2151,49128.53
461,Nora,Overpool,Maywood,44,23527.65
462,Laurent,Boyle,Brown,2348,32353.94
463,Stavros,Trimmill,Nevada,8,11442.15
464,Klarrisa,Bruty,Logan,4821,28687.06
465,Ronnie,Geibel,Darwin,40646,31284.76
466,Bryana,Eyam,Barby,5926,16628.77
467,Rosalind,Healings,Hooker,5772,13618.44
468,Corrine,Dolman,Dovetail,89595,48508.47
469,Kirbie,Dumper,Cardinal,7,14294.35
470,Ettie,MacIver,American Ash,7,35555.65
471,Cookie,Fellows,Crowley,729,35979.93
472,Garwood,Tomashov,Lighthouse Bay,11770,12729.85
473,Isidoro,Aizkovitch,Golf,99238,24077.62
474,Brod,Renault,Autumn Leaf,4486,12176.54
475,Benito,O'Neal,Erie,98,42873.36
476,Boyce,Lyven,Calypso,79,17697.72
477,Forester,Haberfield,Pankratz,150,36796.72
478,Tito,Rapp,Hovde,94048,29094.52
479,Janetta,Walas,Toban,99499,27415.68
480,Stephie,McLurg,Sunfield,64128,42581.07
481,Dory,Culligan,Shasta,99,28527.75
482,Joellen,Botfield,Shelley,25,14788.67
483,Fianna,Manuel,Pawling,7,47654.24
484,Ilario,Chantillon,Summer Ridge,134,44039.30
485,Jerry,Castenda,Prairieview,8,43394.29
486,Katy,Cud,Portage,50,22739.24
487,Grady,Mangeon,Eagan,8,31108.96
488,Maryanne,Goodfellowe,American,4,20649.20
489,Ana,Horley,Florence,14,42540.94
490,Jermaine,Sworne,Clemons,0,41473.83
491,Devin,Lennard,Buhler,372,44927.23
492,Blisse,Gethins,Union,214,43235.22
493,Boony,Emmett,Melody,639,11233.16
494,Ingamar,Houliston,Tennessee,9,33060.13
495,Karine,Doiley,Debs,0,34383.26
496,Marylou,Mattiussi,Stephen,3704,24551.39
497,Marne,Kerwin,Green Ridge,578,30581.37
498,Janella,McCrum,Donald,1827,28010.16
499,Othella,Turbitt,Westport,8848,48700.36
500,Ann,Frantz,Express,167,19199.98
501,Flem,Doveston,Gale,8243,21710.31
502,Tiffi,Biset,Fairview,937,36185.05
503,Denni,Hebditch,Kingsford,341,37727.76
504,Katerina,Clymo,Sullivan,98,38441.22
505,Anallise,Hinkens,Quincy,9,26629.05
506,Clerc,Smetoun,Anthes,8,20848.55
507,Clari,Shovelin,Center,368,38247.16
508,Tannie,Sparling,Anhalt,300,17543.94
509,Bill,Antognelli,Sachs,5194,38608.64
510,Nathaniel,Whiteford,Park Meadow,0,44290.18
511,Carson,Lugsdin,Ridgeview,49786,15599.77
512,Palm,Butt Gow,Maple Wood,0,10095.04
513,Kristan,Cornewall,Maple Wood,52609,25783.93
514,Redford,Westell,Shoshone,5,21313.82
515,Noble,Dobrowlski,Farragut,102,11895.42
516,Marguerite,Chatenet,Pankratz,4867,24877.30
517,Calley,Vignal,Hanover,570,25045.87
518,Berenice,Dermot,Union,2,41033.22
519,Darin,Cattermole,Welch,60255,44688.75
520,Clarence,Fanthome,Starling,54,43412.13
521,Mildred,Peacey,Warrior,602,37919.68
522,Archy,Durnall,Mifflin,460,49739.30
523,Kerry,Harlick,Ridgeview,8912,48162.57
524,Adrea,Dodworth,Springview,96372,40837.23
525,Becca,Pendlebury,Dwight,0,43874.44
526,Libbie,Yuryev,Glacier Hill,86,22088.01
527,Annora,Flipek,Coleman,41,25464.76
528,Tirrell,Daine,Northland,95271,33880.86
529,Blondell,Sibthorp,Brentwood,507,44858.98
530,Margalo,Mitchel,South,52493,48438.63
531,Agathe,Yushmanov,Novick,3667,34388.11
532,Jaynell,Margach,Michigan,5,27981.79
533,Mervin,Bascomb,Toban,39922,25314.45
534,Lonnie,Phelipeaux,Kim,5180,45703.51
535,Annora,Carrabot,Marquette,27,47883.40
536,Melosa,Lindwall,Sunfield,0,20420.65
537,Tiebold,Skoate,Katie,28578,47278.99
538,Faun,Padillo,Hoard,71,22618.45
539,Pedro,Arnout,Forest,320,45735.61
540,Chevalier,Dressel,Maywood,5,21666.19
541,Gabriela,Markel,Kipling,2,28779.64
542,Thorvald,Strangeways,1st,2,48806.97
543,Anabal,Laverack,Crowley,48527,18070.98
544,Willi,Klewi,Lakewood,77,27062.56
545,Brinna,Giberd,Buena Vista,2157,25777.40
546,Rene,Lamyman,Maple,6962,32292.20
547,Sargent,Radenhurst,Bartelt,4033,41774.48
548,Codie,Francesco,Darwin,4,45412.53
549,Mellicent,MacGinney,Sugar,46704,11429.80
550,Marys,Pitrasso,Troy,7704,46009.12
551,Catriona,Freear,Twin Pines,56970,17168.73
552,Zechariah,MacDowal,Hauk,171,32510.98
553,Luigi,Radnedge,Thompson,42689,12332.40
554,Ryley,Offen,Mandrake,9342,48216.58
555,Adolphus,Stoile,Anniversary,41174,39685.79
556,Kirsti,Boud,Ohio,259,14618.87
557,Jerrome,Bartlett,Gulseth,47099,23755.32
558,Ewen,Mcwhinney,Tennyson,58,27996.24
559,Fredericka,Spata,Independence,2444,30778.14
560,Garwin,Niess,Forest,44114,15940.21
561,Iago,Hagart,Forest Dale,63,26963.67
562,Woody,Van de Castele,Vermont,0,12376.67
563,Tait,Flattman,Corscot,4,29480.58
564,Jilly,Leel,Drewry,62195,10791.90
565,Emmalynne,Fouldes,Fulton,2439,47825.36
566,Rosemonde,Athridge,Bunting,71925,26088.17
567,Francisco,Tomaschke,Hintze,300,26194.22
568,Killy,Kirdsch,Mendota,37866,43975.44
569,Drusilla,Fissenden,East,74,40454.64
570,Reta,Kulicke,Doe Crossing,40,46876.55
571,Rourke,Bielfeld,Russell,760,10561.57
572,Letta,Schleswig-Holstein,Dawn,9876,16992.15
573,Bobbie,Cosh,Northview,1254,23987.46
574,Vittoria,Woolner,Towne,349,16802.41
575,Cody,Mingotti,Kipling,206,41829.71
576,Burgess,Gamlen,Reindahl,6816,17049.50
577,Winnie,Pulster,Eggendart,90,19531.37
578,Jermaine,Dragoe,Surrey,75942,40762.54
579,Becka,Curtin,Sugar,17,20477.95
580,Emylee,Hinkins,Katie,60,14920.82
581,Agretha,Stanwix,Fallview,660,13961.40
582,Shepperd,Johnsee,Grayhawk,7,49021.69
583,Janey,Verecker,Express,4,19135.81
584,Sonny,Hassent,Manley,20335,11381.38
585,Perceval,Slewcock,Forest,5931,34197.79
586,Agathe,Rubinowicz,Macpherson,4888,28437.01
587,Freddie,Ruppertz,Stephen,1381,47698.21
588,Nelle,Rizzone,Beilfuss,26,21525.42
589,Sander,Theis,Westridge,1,21238.59
590,Nollie,Janko,Veith,2,11551.94
591,Bowie,Pfaffe,Texas,4006,37911.42
592,Zondra,Polly,Hauk,9717,21670.21
593,Jackie,Pietroni,Grasskamp,335,10334.27
594,Saloma,Leney,Lillian,24,45692.48
595,Brockie,Pancoast,6th,5,10646.65
596,Gwendolyn,Fessby,American,22871,41225.64
597,Cate,Rijkeseis,Nobel,1509,43201.13
598,Dian,Wayte,Hallows,9329,42152.00
599,Merilyn,Linnemann,Roth,33,28925.06
600,Lorraine,Rushbrook,Moose,9,42438.53
601,Marne,Adrienne,Holy Cross,72,37110.59
602,Giustino,Shevlin,Warbler,1926,22290.96
603,Art,Elsdon,Mallard,1580,31457.72
604,Phebe,Summons,Montana,480,32755.65
605,Tish,O'Regan,Chinook,947,14437.07
606,Brier,Withams,Daystar,277,26183.69
607,Shepperd,Litzmann,Myrtle,29,38092.40
608,Cosmo,Cox,Superior,33,32106.58
609,Garwood,McParlin,Petterle,704,37266.69
610,Jefferey,Raleston,Blackbird,823,34573.45
611,Jaclin,Surmeyers,Barby,9216,20091.07
612,Tammy,Bramley,Toban,2373,28636.39
613,Jacky,Heyburn,Meadow Valley,44050,42897.74
614,Dane,Reeves,Gateway,82438,19734.94
615,Chas,Chaffyn,Nova,57289,20543.10
616,Cindee,Scholfield,Dunning,265,34217.85
617,Manda,Cordier,Westerfield,92809,14025.77
618,Karisa,Yewdell,Cascade,87,23507.59
619,Jens,Blunkett,Almo,6,11201.07
620,Tanhya,Deighan,Starling,79536,20504.20
621,Amelita,Richten,Shasta,4,30659.97
622,Leonerd,Darragh,Vahlen,3868,31216.78
623,Yvette,MacNulty,Westport,397,11955.13
624,Zacharie,McQuaker,Red Cloud,51006,15219.72
625,Tybi,Gadie,Forest Dale,9130,26220.16
626,Tades,Pyer,Elgar,35,26113.67
627,Aridatha,Cursey,Lyons,21,34711.98
628,Frederich,Hinners,Grasskamp,59991,40546.16
629,Elisha,Venus,Ohio,99004,36673.33
630,Shaun,Jakubovitch,Wayridge,8263,25708.54
631,Van,McGillicuddy,Carioca,47,34812.85
632,Hersch,Santo,Shelley,532,10713.26
633,Lila,Eite,Gerald,75875,30783.97
634,Claybourne,McCorrie,Caliangt,0,44436.23
635,Elyssa,Giovanizio,Pond,1,30534.65
636,Kristi,Waple,Cottonwood,3634,48223.81
637,Cobby,Paxton,Northview,9050,23907.57
638,Staffard,Rogliero,Dawn,40,10456.65
639,Dede,Norrington,Quincy,0,44962.57
640,Olympie,Deverille,Vera,47268,23373.30
641,Pollyanna,Pringer,Fair Oaks,77357,20271.19
642,Rolfe,Cobello,Reinke,12363,34790.54
643,Bennie,Santorini,Charing Cross,15,24850.00
644,Billy,O'Gormally,Erie,0,34668.26
645,Nathalia,Van den Bosch,Nancy,1,44050.32
646,Kissie,Bullocke,Fordem,68478,46004.92
647,Ettore,Lovell,Almo,86067,47368.08
648,Brucie,Lowther,Cambridge,47,12138.80
649,Garold,McPhelimey,Morning,786,46250.77
650,Trev,Roget,Elgar,294,12524.70
651,Marian,Milborn,Dawn,65420,34879.46
652,Antonius,Boylund,Blue Bill Park,88,23898.58
653,Darcie,Cherry,Maple Wood,515,17209.83
654,Reynard,Benzies,Tennessee,368,38508.33
655,Patty,Rate,Leroy,931,34415.18
656,Ferd,Maneylaws,Hallows,9,39942.51
657,Leoline,Thorne,Mockingbird,5,17196.77
658,Pyotr,Pyle,Fairfield,277,38818.47
659,Caye,Tasch,Duke,32,10626.60
660,Terrie,Kohrs,Lawn,4,19778.30
661,Hurley,Grubb,Randy,8,43555.89
662,Agnesse,Wilcocke,Steensland,85,25871.80
663,Jerad,Benoix,Shelley,51173,21886.55
664,Rockey,Lea,Upham,764,40315.56
665,Lorain,Roder,Derek,64164,36313.67
666,Olva,Mosey,Springs,12847,18699.09
667,Ado,Haney`,Merrick,9,33451.16
668,Elyn,Clayborn,Huxley,77354,35499.51
669,Alyss,Torrie,Luster,4877,17230.85
670,Rolfe,Jeanel,Prairieview,4,19559.05
671,Ermanno,Baptist,Spaight,2,22651.04
672,Lorine,Barcke,Monterey,1,38565.92
673,Donnie,Minear,Delladonna,76,10824.67
674,Maribeth,Newey,Welch,411,39514.31
675,Helaine,Woodes,Lien,128,31661.02
676,Aymer,Commin,Londonderry,2,41146.49
677,Devlin,Milington,Bunting,0,14347.89
678,Ashby,Kinvan,Grasskamp,19988,13557.62
679,Briant,Khomin,Fieldstone,32407,17048.21
680,Stavros,Sworn,Northfield,9302,48526.51
681,Duffie,Barnett,Melody,73,23670.06
682,Rancell,Gatherer,David,59606,47722.29
683,Nathanil,Janic,Dunning,7,11752.04
684,Franny,Josilevich,Arkansas,63,23987.42
685,Decca,Bamlett,Starling,8453,37576.27
686,Edee,Chadney,Aberg,36,40341.10
687,Coriss,Matyugin,Forster,827,34959.93
688,Robina,Oakland,Spaight,4,10549.37
689,Dee dee,Buy,Riverside,14338,43963.11
690,Curcio,Mailes,Judy,73439,36547.77
691,Niel,Mewes,Hanover,12089,36314.40
692,Livvyy,Aglione,Judy,31796,15329.71
693,Barnabas,Burnham,Forster,57,40801.82
694,Andrey,Brunger,Spaight,62238,15751.35
695,Hirsch,Fick,Marcy,350,38656.63
696,Loise,Pomphrey,Waxwing,2946,42947.49
697,Teddy,Orteu,Nevada,7494,40220.10
698,Annis,Wickersley,Crownhardt,41,23028.26
699,Kalinda,Shawley,Buell,53455,32738.82
700,Caye,Cranefield,Dexter,758,36002.45
701,Lenette,Rochford,Little Fleur,4554,21316.18
702,Lisa,Woodlands,Westridge,769,20211.19
703,Corny,Shipp,Dovetail,433,36754.00
704,Cecilio,Larchier,Pepper Wood,80,33549.22
705,Larissa,Wetherald,Red Cloud,61120,35271.27
706,Wynny,Vousden,Buell,5,25755.91
707,Minnie,Bauer,Ludington,3,15859.05
708,Geralda,Spiers,Norway Maple,297,37011.28
709,Iorgo,Kochl,Harper,27124,42718.41
710,Edan,Nethercott,Luster,784,46367.91
711,Spenser,Phifer,Lawn,9,24472.70
712,Frazer,Sparry,Lotheville,66,11435.75
713,Magnum,Ahmad,Spohn,85,46400.52
714,Napoleon,Harradence,Shopko,29917,24958.61
715,Silva,Tippin,Emmet,931,18317.38
716,Robinson,Ollerenshaw,Summit,599,12529.49
717,Eliza,Graffham,Reindahl,2,44139.27
718,Linus,Brito,Bonner,999,19641.20
719,Car,Piddlehinton,Continental,1384,26046.78
720,Lurleen,Acarson,Gina,7639,45785.45
721,Isador,Stark,Heffernan,429,31460.18
722,Zabrina,Antoniewicz,Bobwhite,217,13687.06
723,Aldwin,Forsbey,Moulton,659,42847.84
724,Charlene,Pardon,Charing Cross,31,28254.02
725,Francesco,Jewer,Dryden,230,15187.86
726,Andriana,Lomaz,Debra,7247,28785.62
727,Tressa,Wozencroft,Ridge Oak,36,44155.42
728,Lacy,Renak,Parkside,8522,48541.32
729,Mahmud,Gallamore,Hanover,6,13954.69
730,Marjie,Brussell,Monterey,9027,25484.32
731,Karena,Celler,Redwing,0,21455.55
732,Mason,Patron,Annamark,365,49967.76
733,Leeanne,Placido,Kensington,76627,23922.70
734,Babette,Weymont,Clove,8495,22744.17
735,Patricia,Jaggi,Johnson,4550,44901.01
736,Mort,Brompton,Parkside,38,31201.31
737,Reinhard,Nowell,Walton,89,38457.51
738,Gabriel,Marcroft,Leroy,0,14047.97
739,Teador,Golagley,Westport,64,38947.82
740,Rodrigo,Ferreri,Northridge,84,33594.23
741,Paulette,Higgonet,Thompson,1,22165.44
742,Dyanna,Fewkes,Beilfuss,82,17749.34
743,Annie,Matissoff,Caliangt,2,37026.12
744,Philly,Bockmaster,Hayes,5552,41475.41
745,Coreen,Spaldin,Hintze,9830,47921.71
746,Serene,Galier,Forest Dale,31,15987.22
747,Goldie,Schiell,Westridge,1,46515.72
748,Rosette,Merrisson,Nevada,2,30501.16
749,Edwin,Latter,Tomscot,13471,43738.85
750,Violante,Rau,Lukken,3146,26301.87
751,Eugenia,Peerless,Hermina,6,13388.15
752,Rachelle,Dowbekin,Melrose,1720,37246.37
753,Jeno,Cholerton,Eastlawn,330,39189.25
754,Dulsea,Poznan,Moulton,66,27799.28
755,Delilah,Bartleet,Raven,95,27642.19
756,Erwin,Bonnavant,Anzinger,1,22953.42
757,Bengt,Carillo,Golf View,57,18045.90
758,Hedda,Prynne,Melby,683,15970.12
759,Dix,Marns,Debra,26479,24593.55
760,Allissa,Collis,Luster,94339,16603.45
761,Isaiah,Silk,Dorton,86,29209.04
762,Fey,Sherebrook,Homewood,877,39842.19
763,Claretta,Love,Gina,375,44769.34
764,Kimmi,Lacroix,Vermont,7,12427.98
765,Caty,Buckle,Texas,8831,37454.41
766,Lucy,Ghirardi,Schurz,5154,13770.03
767,Evin,O'Currane,Bartillon,250,39620.53
768,Ragnar,Reynoollds,Erie,92,44364.99
769,Mari,Lofty,Forest Dale,1079,22634.26
770,Sutton,Krystof,Knutson,3209,14708.25
771,Saundra,Fosberry,Carberry,75780,46924.16
772,Kris,Santello,Northland,4104,19228.79
773,Janelle,Quinane,Rowland,39,21894.84
774,Durand,Rhubottom,North,32,18529.83
775,Mort,Bowerman,Summer Ridge,18128,49292.11
776,Dynah,Corinton,La Follette,65,42689.29
777,Bonnibelle,Firby,Corben,68,14879.38
778,Lawry,Caff,Debs,57,33487.93
779,Casar,Norcliffe,Graedel,6817,31437.86
780,Kevina,Tincey,Pond,6705,33786.39
781,Tyson,Juszczyk,Pearson,7,12954.54
782,Missie,Halford,Hazelcrest,6537,29040.79
783,Brant,Darrach,Judy,1,27818.48
784,Sharron,Latliff,Summerview,37746,39622.26
785,Cornelia,Haggett,Kedzie,5,32974.70
786,Madelena,Lages,Corry,22531,25579.56
787,Aloysius,Slora,Basil,49045,28328.26
788,Elyssa,Orrett,Farragut,245,27526.46
789,Elberta,Speedy,Little Fleur,0,48718.79
790,Kariotta,Runsey,Morning,0,16989.28
791,Mordy,Chapelle,North,5985,32852.90
792,Legra,Faulkes,Northridge,51748,43796.14
793,Rip,Broek,Loftsgordon,97,27443.28
794,Simonne,Carlucci,Service,35508,38417.81
795,Hadrian,Tremayle,Anniversary,7758,27907.75
796,Ringo,Cozins,Old Gate,6704,36446.20
797,Case,Valett,Monica,102,42930.02
798,Schuyler,Haseldine,Pawling,79743,25521.38
799,Cordy,Naughton,Weeping Birch,6,27674.91
800,Tabby,Furnival,Namekagon,2038,38310.40
801,Biddy,Spehr,Hollow Ridge,91,22099.99
802,Judd,Fydoe,Comanche,27,45463.93
803,Lindy,O'Griffin,Kings,269,29475.79
804,Luciano,Kemmet,Starling,83,25871.10
805,Cathleen,Lawden,Algoma,521,46311.71
806,Em,Bernhard,Loeprich,9421,33177.03
807,Liane,Kembrey,Gulseth,80,48567.86
808,Annabal,Thornley,Sunbrook,2,26947.49
809,Sharon,Resun,Springs,31,26788.56
810,Ali,Jeeves,Springs,99255,35593.72
811,Gisele,Grubbe,Hanover,33,34878.86
812,Jessamine,Quilliam,Westridge,94520,48650.82
813,Stacy,Pavlovic,Green,6,29400.29
814,Clementia,Trank,Northview,1,45253.34
815,Ibby,Alderton,Thackeray,87890,16645.15
816,Meir,Pirson,East,321,40116.55
817,Mavra,Meryett,Maple Wood,2,18096.14
818,Rollo,Purle,Holmberg,9,29271.84
819,Lynnelle,Meletti,Longview,7022,12247.78
820,Leta,Cockett,Old Shore,4,35074.38
821,Wynnie,Leacy,Ronald Regan,3,15839.09
822,Egor,Awcock,Harbort,1,45433.96
823,Bearnard,Hofler,Susan,5,40458.09
824,Issie,O'Leary,Brown,4388,10671.19
825,Radcliffe,Bergeon,Crownhardt,77886,36364.96
826,Eduard,Aitchinson,Elmside,99,12045.14
827,Sol,Trineman,Derek,38705,45605.39
828,Arabela,Gierardi,Surrey,885,43672.67
829,Leontine,Aim,Carey,8,39354.31
830,Farris,Stegers,Upham,40508,13302.38
831,Normand,Snasdell,Onsgard,1176,14273.66
832,Lemmy,Trebble,Thierer,9594,31762.69
833,Nissa,Rude,Harbort,62,39807.11
834,Faye,Dei,Mifflin,10496,35289.31
835,Sheppard,Sicily,Schmedeman,970,15963.08
836,Chrissy,Tadd,Autumn Leaf,972,34168.19
837,Aurlie,Zucker,Logan,3002,32063.71
838,Dre,Bilbrook,Spenser,13,13550.10
839,Cheryl,Pollie,Johnson,65804,12617.32
840,Cristen,Pearcy,Porter,1788,31879.05
841,Darryl,Brecher,Oak Valley,69519,17486.88
842,Wendel,Khilkov,Veith,60,10720.85
843,Emili,Spilstead,Delaware,7,26325.88
844,Conny,Lilion,Aberg,5,14200.77
845,Erin,Dunbleton,Michigan,366,30928.34
846,Nobe,Hardaker,Declaration,56,48736.88
847,Cammy,Dyment,Muir,5,41896.42
848,Arie,Hedderly,Schurz,17,30576.73
849,Brittan,Gierke,West,2,18103.44
850,Homere,Sabathe,Farragut,0,31212.71
851,Mord,Durrans,Northfield,13155,16781.34
852,Kayle,Andryszczak,Lotheville,352,42777.67
853,Bear,Marsay,Holy Cross,68889,26212.10
854,Wylma,Shayler,Iowa,7,16723.00
855,Else,Coate,Lawn,61,13671.92
856,Lurline,McElroy,Village Green,8302,23641.94
857,Eddy,Fairweather,Warbler,30,46616.30
858,Hope,Fergie,Luster,29295,43367.35
859,Darell,Pantry,Orin,598,31973.31
860,Audrye,Menlove,Hallows,7,41517.80
861,Basia,Cianelli,Hoard,2825,39567.93
862,Lee,Pirkis,Monterey,8,23114.24
863,Lethia,Hissie,Old Gate,34537,43368.38
864,Loleta,Stoppe,Buena Vista,32,25929.73
865,Karlee,Ellett,Northview,6,36066.55
866,Guillema,Brasier,Larry,7,13713.77
867,Nathanil,Burtenshaw,Butternut,81,23177.07
868,Helen,Gilffillan,Moulton,1533,18238.51
869,Marsha,Dupoy,Barby,0,29981.89
870,Bren,McPhilip,Vidon,1,34623.41
871,Adham,Dumingo,Ridgeway,657,36015.34
872,Hebert,Haining,Debra,6,15987.93
873,Hartwell,Craggs,3rd,2748,45311.68
874,Rey,Simonds,Drewry,9,41756.86
875,Laney,Waugh,Westerfield,29,18201.81
876,Pembroke,Ainslie,Kensington,5,30161.92
877,Kinnie,Segge,High Crossing,93938,14123.94
878,Jeanne,Duckers,Eastwood,59313,49150.95
879,Jillian,Massinger,Spaight,3516,30198.63
880,Emelen,Bloan,Dovetail,96,24547.44
881,Kare,Jeffreys,Melby,247,25125.66
882,Sapphire,Janota,Pankratz,0,17369.65
883,Wakefield,Nelles,Miller,64884,29639.30
884,Halie,Avory,Montana,454,32757.23
885,Renee,Perotti,Vermont,2684,29449.61
886,Chad,Antoniazzi,Butternut,30,44154.17
887,Gusta,Vowdon,Merry,1,41077.26
888,Blythe,Beresfore,Mifflin,6755,11719.67
889,Donnell,Shilstone,Nevada,2657,13352.92
890,Dunn,Dymoke,Schurz,23,27079.96
891,Oliy,Delahunty,Gulseth,55432,10808.30
892,Indira,Menhci,4th,72,24094.67
893,Conny,Aickin,Welch,45716,40466.63
894,Winona,Beel,Utah,7982,14092.12
895,Minette,Vogel,Debra,9,25491.80
896,Gertrudis,Joskovitch,Hollow Ridge,9,11946.65
897,Gina,Tomaschke,Old Shore,1,49435.60
898,Stepha,Redsull,Vernon,7,15544.93
899,Bradford,Cromie,Old Gate,8,28469.67
900,Mellie,Sullivan,Stephen,68721,10332.72
901,Travis,Iscowitz,Charing Cross,177,16975.41
902,Renee,Cornfield,Florence,1682,19188.99
903,Lou,Rudderham,Hintze,5,38036.30
904,Millisent,Vasyutkin,Dennis,8,33049.21
905,Siouxie,Hornung,Doe Crossing,3426,17181.97
906,Dido,Eversfield,Maple,54,33208.22
907,Dallas,Diemer,Hollow Ridge,65507,20769.47
908,Adiana,Apfler,Grover,606,33040.35
909,Burnard,Doles,Schiller,62117,45925.48
910,Hogan,Bastian,Holy Cross,31,32884.27
911,Shelby,Alberts,Bonner,5516,19297.61
912,Caron,Chaffyn,Sachs,4454,35337.60
913,Callida,Carrack,David,2,35820.55
914,Harald,McTear,Sherman,69,26376.33
915,Amandi,Matresse,Birchwood,11,10846.67
916,Jerrome,Palay,Kinsman,290,23317.57
917,Domeniga,Ferreras,Huxley,810,16774.12
918,Tyrus,Haquin,Maple Wood,269,17708.86
919,Kipp,Corneille,Marquette,74,37121.01
920,Gaven,Lillicrop,Reindahl,9,22901.95
921,Herman,Lippini,Forest,274,21649.22
922,Finley,Ibbitson,Helena,645,21289.43
923,Elsbeth,Sidebotton,Darwin,7,19434.31
924,Addie,Schops,Corscot,5223,23860.77
925,Clemmie,Denning,Hoard,62609,45027.55
926,Lawton,Issett,Dexter,24,14089.97
927,Wes,Band,Mcguire,1865,38671.76
928,Frazer,Prandin,Randy,8027,14710.25
929,Lemmie,McVicker,Laurel,261,24220.81
930,Selie,Somner,Ridgeview,71,26588.33
931,Cesya,Dagon,Hayes,889,23019.94
932,Nata,Kalkhoven,American Ash,4,17715.32
933,Lorianne,Andreacci,Daystar,37,16175.57
934,Harlin,Myford,Springs,3,28330.55
935,Gail,Heinzel,Talisman,25880,25130.47
936,Romola,Fisby,Lotheville,35,29146.83
937,Abby,Mullins,Carioca,44,30723.62
938,Debi,Clausner,Namekagon,58638,33500.05
939,Sarge,Crucitti,Havey,56146,38678.66
940,Fred,Rickett,Bashford,73,29673.01
941,Taffy,Dyos,Hagan,7,29786.46
942,Heddie,Fishpool,Bluejay,37792,19658.02
943,Demetre,Pleat,Spaight,637,19024.27
944,Claudian,Woodroof,Larry,296,43756.86
945,Otes,Ellam,Coolidge,8548,20129.66
946,Shandie,Donaldson,Golf,6064,12232.58
947,Yard,Lovat,Elmside,7,38014.52
948,Kellie,Sallis,Coolidge,2453,12268.37
949,Gweneth,Seelbach,Ilene,2,38189.96
950,Odessa,Suero,East,89817,23025.16
951,Marlane,Malitrott,Hooker,28,22782.45
952,Ode,Robbert,Macpherson,1,13232.90
953,Bale,Fortman,Sommers,9459,11204.51
954,Damien,Grishkov,Stuart,6349,12029.26
955,Gwenny,Edmondson,Banding,3,22177.26
956,Blondell,Kaspar,5th,35,16123.61
957,Petronille,Tritten,Holmberg,75298,16273.83
958,Brandtr,Gypson,Lillian,858,42476.64
959,Hersch,Clubbe,Aberg,9291,38032.81
960,Hilton,Looks,Lotheville,990,26457.46
961,Carce,Keating,Arkansas,5030,19724.34
962,Jesse,Spykings,Holy Cross,588,12673.72
963,Michaella,Felgate,Oak Valley,44145,31458.72
964,Heinrik,MacClancey,Kennedy,48,20615.98
965,Mercie,Goane,Dapin,1511,33385.86
966,Marijo,Clubley,Cottonwood,8,25334.59
967,Kerr,Armit,Onsgard,2314,24671.67
968,Addia,Blaby,Blue Bill Park,3,34253.87
969,Norene,Dean,Lindbergh,62,32611.36
970,Alexia,Hens,Loftsgordon,14,10953.41
971,Minnaminnie,Inkin,Corscot,18724,41141.87
972,Ashly,Corzon,Mendota,14099,28470.51
973,Stacy,MacBean,Lien,2,15778.81
974,Charlene,Blaszczyk,Logan,73,15014.96
975,Bastien,Castellino,Elmside,97419,49022.54
976,Anastasie,Kennaird,Moose,74,36325.34
977,Carry,Cranstoun,Raven,4,38120.73
978,Anya,Valencia,Texas,4068,33594.86
979,Ruby,Coaster,Basil,2,13513.22
980,Robbert,Tschursch,Del Mar,0,17065.40
981,Clarey,Ditchburn,Menomonie,22,22127.63
982,Crawford,Longland,Bluejay,26792,36477.06
983,Edna,Lund,Pankratz,69529,17595.59
984,Valentin,Francey,Blue Bill Park,2289,44592.84
985,Victoria,Franschini,Roxbury,547,46650.03
986,Margarette,Giorgielli,Oriole,660,31199.01
987,Hervey,Dodsworth,Hoffman,4,26951.74
988,Keary,De Francisci,Lakewood,42,26285.19
989,Scotti,Idel,Steensland,714,12296.15
990,Debee,Mursell,Nova,287,17282.33
991,Cletus,Trevino,Loeprich,3053,26402.42
992,Luis,Raithby,Vera,502,28132.22
993,Gilburt,Phillput,Sunnyside,7,13608.17
994,Rubina,Mingaye,Homewood,293,25461.56
995,Evered,Megany,Westend,83849,26221.30
996,Sax,Caillou,Schmedeman,8118,16513.63
997,Brett,Ferenczy,Buell,965,18876.87
998,Randy,Passfield,Hansons,9,28282.72
999,Griffy,Hoodlass,Loeprich,65,17629.08
1000,Gordon,Beavis,Lakewood,65667,14083.73
